{
  "rows_available": 291,
  "current_model": {
    "rows": 268,
    "model_id": "dominance_index__random_forest_regressor+dominance_index+feature_generator__ridge_classifier+extra",
    "accuracy": 0.7201492537313433,
    "macro_f1": 0.7088477758704728,
    "confusion_matrix": [
      [
        84,
        17,
        7
      ],
      [
        13,
        44,
        15
      ],
      [
        9,
        14,
        65
      ]
    ],
    "labels": [
      "H",
      "D",
      "A"
    ]
  },
  "ensembles": {
    "top_5": {
      "rows": 268,
      "top_k": 5,
      "ensemble_size": 4,
      "best_model_score": 0.5463069476741528,
      "accuracy": 0.7201492537313433,
      "macro_f1": 0.7083242091125418,
      "confusion_matrix": [
        [
          85,
          13,
          10
        ],
        [
          13,
          44,
          15
        ],
        [
          9,
          15,
          64
        ]
      ],
      "labels": [
        "H",
        "D",
        "A"
      ]
    },
    "top_10": {
      "rows": 268,
      "top_k": 10,
      "ensemble_size": 8,
      "best_model_score": 0.5463069476741528,
      "accuracy": 0.7126865671641791,
      "macro_f1": 0.7014569555759937,
      "confusion_matrix": [
        [
          84,
          13,
          11
        ],
        [
          13,
          44,
          15
        ],
        [
          10,
          15,
          63
        ]
      ],
      "labels": [
        "H",
        "D",
        "A"
      ]
    },
    "top_20": {
      "rows": 268,
      "top_k": 20,
      "ensemble_size": 12,
      "best_model_score": 0.5463069476741528,
      "accuracy": 0.7350746268656716,
      "macro_f1": 0.7227209194126981,
      "confusion_matrix": [
        [
          89,
          11,
          8
        ],
        [
          14,
          45,
          13
        ],
        [
          11,
          14,
          63
        ]
      ],
      "labels": [
        "H",
        "D",
        "A"
      ]
    },
    "all": {
      "rows": 268,
      "top_k": "all",
      "ensemble_size": 35,
      "best_model_score": 0.5463069476741528,
      "accuracy": 0.7985074626865671,
      "macro_f1": 0.784683806895516,
      "confusion_matrix": [
        [
          96,
          6,
          6
        ],
        [
          14,
          46,
          12
        ],
        [
          7,
          9,
          72
        ]
      ],
      "labels": [
        "H",
        "D",
        "A"
      ]
    }
  },
  "bet365": {
    "accuracy": 0.5017182130584192,
    "macro_f1": 0.3752688172043011,
    "confusion_matrix": [
      [
        97,
        0,
        26
      ],
      [
        47,
        0,
        29
      ],
      [
        43,
        0,
        49
      ]
    ],
    "labels": [
      "H",
      "D",
      "A"
    ]
  },
  "errors": []
}